driver_id,total_fare,avg_distance
85,90.28,47.62
52,74.58,2.95
47,20.92,45.91
5,148.26,30.349999999999998
70,52.9,12.72
27,6.96,17.4
17,107.07,16.59
90,270.46999999999997,18.62333333333333
93,138.19,29.475
58,16.02,21.29
81,27.46,37.2
32,92.39,4.98
37,170.02,33.51
12,19.81,45.2
94,61.39,28.755
