driver_id,total_fare,avg_distance
51,51.86,33.28
15,87.71,35.31
29,127.74,46.18
87,306.95,31.020000000000003
85,231.16,27.084999999999997
16,6.89,29.48
96,23.99,17.44
70,80.3,31.03
26,70.98,24.994999999999997
86,95.88,46.6
58,134.68,17.1
79,101.82,14.3
24,257.29,27.015
9,201.69,36.775
88,116.8,11.56
1,124.06,37.54
37,211.78,24.01
49,49.379999999999995,34.215
12,67.78,27.19
83,113.17,4.66
74,102.1,15.95
76,132.32999999999998,32.11
80,131.02,15.03
