driver_id,total_fare,avg_distance
87,174.94,28.203333333333337
64,56.08,47.72
30,67.68,2.04
34,69.74,41.03
98,141.41,21.375
5,100.14,10.9
31,83.09,38.76
61,149.72,29.5
26,32.74,31.59
89,71.95,7.37
90,173.07999999999998,12.61
93,119.94,33.77
48,143.95,26.48
97,41.03,16.88
24,107.52,11.65
9,99.49,33.54
36,97.65,9.5
37,126.48,44.65
63,95.8,37.33
62,36.5,34.27
21,57.01,7.09
91,73.66,22.0
94,9.56,14.82
72,127.30000000000001,15.55
76,86.28,21.65
